modelo,accuracy,precision,recall,f1_score,roc_auc
Extra Trees,0.667,0.5074946466809421,0.6970588235294117,0.587360594795539,0.7338012477718361
Decision Tree,0.647,0.486652977412731,0.6970588235294117,0.5731559854897219,0.7046122994652406
Random Forest,0.689,0.5367088607594936,0.6235294117647059,0.5768707482993197,0.7354055258467024
Logistic Regression,0.723,0.6206896551724138,0.4764705882352941,0.5391014975041597,0.7576960784313725
